{"ratings": {"Scotland": 1815.0206952817264, "England": 2097.7033662094677, "Wales": 1743.2330644180424, "Northern Ireland": 1663.3861084542996, "United States": 1898.4720176530561, "Canada": 1873.8259974156933, "Uruguay": 1910.7433253699733, "Argentina": 2211.597943239255, "Austria": 1902.1785311187828, "Hungary": 1771.6518567157755, "Czechoslovakia": 1800.9493425031985, "Belgium": 1955.227816364483, "France": 2184.500876819894, "Switzerland": 1984.2676305767413, "Guernsey": 1744.414119524416, "Alderney": 1078.624416370721, "Jersey": 1801.6772190366373, "Netherlands": 2045.5612954656822, "Guyana": 1479.5323883097576, "Trinidad and Tobago": 1524.1702010007186, "South Africa": 1692.5386244028462, "Germany": 1989.7408520713132, "Sweden": 1799.0565293572542, "Norway": 1994.1956950242966, "Denmark": 1918.3662482394525, "Italy": 1922.7578539157503, "Chile": 1791.2720854924123, "Russia": 1838.623753412125, "Finland": 1606.1950502197697, "Luxembourg": 1464.7344380491518, "Catalonia": 1670.950996905183, "Philippines": 1337.397692817257, "China": 1553.7780529716997, "Brazil": 2103.7520093254507, "Basque Country": 1805.4068516160305, "Japan": 1969.243852269944, "Paraguay": 1897.102678836439, "Romania": 1692.4118057925273, "Greece": 1790.0696463812076, "Yugoslavia": 1850.7803681776668, "Spain": 2193.1213203495695, "Egypt": 1844.0487513313622, "Estonia": 1439.915434332197, "Suriname": 1577.0138454386533, "Provence": 1466.2710785986533, "Costa Rica": 1733.2496866735028, "El Salvador": 1482.8137289909364, "Guatemala": 1638.744218131194, "Portugal": 2040.17719379157, "Poland": 1779.6519008859805, "Brittany": 1507.2920831204415, "New Zealand": 1673.3645774387985, "Australia": 1902.5793255871135, "Latvia": 1347.3246928716862, "Galicia": 1535.374645430003, "Central Spain": 1494.7149754763902, "Mexico": 2046.572537810161, "Andalusia": 1600.5976841909846, "Asturias": 1519.1741326306253, "Lithuania": 1345.3413641217173, "Turkey": 1910.685699494464, "Aruba": 1214.0867788869873, "Curacao": 1591.4874111704653, "Bulgaria": 1544.3666120606385, "Republic of Ireland": 1764.5412347897857, "Haiti": 1647.0485444440146, "Jamaica": 1649.9861977930088, "Kenya": 1469.0179806474016, "Uganda": 1506.572612584395, "Bolivia": 1706.3896256273856, "Peru": 1759.2317449644909, "Honduras": 1696.5005759341757, "Belarus": 1572.7464917042203, "Ukraine": 1818.5730398519552, "Barbados": 1128.0632373060446, "Nicaragua": 1498.0733062685158, "Cuba": 1405.1031379149924, "Martinique": 1468.8808074230678, "Dominica": 1164.2267980879271, "Silesia": 1514.101134191108, "Guadeloupe": 1502.0825220521904, "Israel": 1688.1858258904774, "Indonesia": 1511.9749349237336, "French Guiana": 1415.1763977572987, "Saint Lucia": 1218.3103153374893, "Colombia": 2074.1032319995325, "Panama": 1759.953913729595, "Venezuela": 1810.8224296712044, "Ecuador": 1948.4763218017001, "Saint Kitts and Nevis": 1266.6645985349662, "Grenada": 1286.3135942896106, "India": 1259.2731192431538, "Slovakia": 1723.0381371558872, "Manchukuo": 1432.1828727788613, "Croatia": 1962.8528324614438, "Lebanon": 1434.886968274964, "Puerto Rico": 1360.88061503859, "Afghanistan": 1176.667269966455, "Iran": 1878.7001447002417, "Mongolia": 1004.8328138432404, "Tanzania": 1411.6300501656408, "Zimbabwe": 1458.7084481242389, "Zambia": 1534.0467178486103, "Iceland": 1623.2586498067674, "Albania": 1668.2188835862844, "Montenegro": 1520.650111151001, "Madagascar": 1513.8307509237766, "Mauritius": 1227.4328092400638, "R\u00e9union": 1580.811034842606, "Zanzibar": 1556.6664202922464, "Djibouti": 1070.4277646486125, "Ethiopia": 1389.9442520282958, "DR Congo": 1812.3587319463477, "South Korea": 1834.5623987748706, "Vietnam": 1480.5956759866165, "Macau": 867.8314032086166, "Dominican Republic": 1472.7465868541706, "Cyprus": 1387.1691463042857, "Sierra Leone": 1461.2080607313476, "Nigeria": 1878.4829240343634, "Syria": 1589.3808626008088, "Serbia": 1794.3769484152938, "Taiwan": 1079.6400398964574, "Ghana": 1693.1047510046164, "Myanmar": 1143.6950045994765, "New Caledonia": 1592.3898523994915, "Vanuatu": 1438.111938333188, "Fiji": 1413.3785126728098, "Pakistan": 1121.5129945715732, "Sri Lanka": 1014.1527516064896, "German DR": 1716.8761214168865, "Tahiti": 1506.4168819965753, "Gambia": 1524.4416938296997, "Hong Kong": 1324.294841057345, "Singapore": 1291.6820021377712, "Malaysia": 1482.8046178836303, "Guinea-Bissau": 1357.4093282596998, "Saarland": 1451.896003264595, "Burundi": 1379.4690144693836, "Cameroon": 1724.8452846614011, "Kernow": 1598.6999020039304, "Cambodia": 1093.4456788439495, "Thailand": 1541.521966581903, "Vietnam Republic": 1370.0284483416929, "Kyrgyzstan": 1457.8102863222057, "Moldova": 1326.6088094243837, "North Vietnam": 1483.2128110893866, "Togo": 1493.0504372291855, "North Korea": 1480.4340874223371, "Sudan": 1446.5526136985488, "Malta": 1371.0219391679962, "Tunisia": 1658.1986484832464, "Libya": 1538.2816465499002, "Malawi": 1436.7337372106283, "Morocco": 2033.9006246930494, "Benin": 1527.1454052023505, "Cape Verde": 1705.3313833200953, "Congo": 1336.904380714271, "Burkina Faso": 1643.6659554331243, "Gabon": 1524.083759509711, "Mali": 1696.6544119796451, "Central African Republic": 1353.2484842054082, "Ivory Coast": 1843.1526920083654, "Iraq": 1660.6582760212416, "Saint Vincent and the Grenadines": 1344.803368960044, "Senegal": 1894.1397212657128, "Laos": 951.8002215987224, "Chad": 1242.8437572006405, "Niger": 1481.5930090875345, "Mauritania": 1444.4309544013233, "Liberia": 1440.0133368727527, "Guinea": 1561.3074247132383, "Algeria": 1886.8447854216433, "Kuwait": 1465.6091524583708, "Jordan": 1736.8815437485564, "Papua New Guinea": 1452.0627552742842, "Solomon Islands": 1368.3180287609187, "Somalia": 1053.0485413936458, "Saudi Arabia": 1707.4425548817305, "Bermuda": 1342.2251306156384, "Palestine": 1578.7410766952426, "Yemen": 1296.6864476509927, "Bahrain": 1537.7760522246294, "Oman": 1583.3500879391022, "Wallis Islands and Futuna": 1294.2846462576747, "Corsica": 1562.1013627725445, "Western Australia": 1394.8344282883754, "Eswatini": 1314.7199182874845, "Botswana": 1384.699714489293, "Qatar": 1528.6533835527405, "Lesotho": 1412.0600051127267, "Bahamas": 958.4040640483483, "Brunei": 913.0774679292784, "Cook Islands": 1141.5139832648097, "Yemen DPR": 1355.8612065345249, "United Arab Emirates": 1666.1571350485729, "Faroe Islands": 1449.455713326671, "Nepal": 1117.7491378150282, "Antigua and Barbuda": 1125.8610371099023, "Bangladesh": 1138.085161859313, "Seychelles": 1013.0951110185674, "Equatorial Guinea": 1439.6709926154094, "Mozambique": 1484.2825297475513, "Guam": 988.3606387980429, "Angola": 1583.2740319659797, "S\u00e3o Tom\u00e9 and Pr\u00edncipe": 1184.4553463242037, "Rwanda": 1458.044682248404, "Northern Cyprus": 1714.4017826622567, "Armenia": 1437.699212756206, "Georgia": 1708.3290544670283, "Azerbaijan": 1399.6584843116584, "Kazakhstan": 1500.4203904279286, "Comoros": 1462.0171429308461, "Maldives": 1019.6562243432592, "Tonga": 1089.0546218852753, "Tuvalu": 1216.334641618371, "Kiribati": 1227.7685430356198, "Samoa": 1244.8935067631592, "Greenland": 1462.2642752839342, "Liechtenstein": 1003.2704809926182, "Bhutan": 867.1957064621319, "South Yemen": 1468.301869040849, "Niue": 1426.867168295344, "American Samoa": 938.9741674586963, "Belize": 1285.0153636642888, "Cayman Islands": 1061.253995733561, "Anguilla": 912.7258344345161, "British Virgin Islands": 1038.8291713396802, "Palau": 1423.032621465094, "Sint Maarten": 1291.7497211724453, "Namibia": 1415.384295683887, "Ynys M\u00f4n": 1642.9206191294013, "Shetland": 1499.8438214618016, "\u00c5land Islands": 1474.9238538106245, "Saint Martin": 1298.1382348308387, "San Marino": 931.1734615257335, "Montserrat": 1229.0821106952912, "Slovenia": 1731.791314835117, "Isle of Wight": 1663.2144874456833, "Turkmenistan": 1384.975874815131, "Tajikistan": 1430.0352695178133, "Uzbekistan": 1726.558111215389, "Eritrea": 1194.7703533701565, "Isle of Man": 1705.8957999905658, "Gibraltar": 1151.4243743150628,