{"ratings": {"Scotland": 1838.4024137200918, "England": 2079.8312572733953, "Wales": 1743.2328527911995, "Northern Ireland": 1663.3855081803226, "United States": 1844.897644335534, "Canada": 1891.5820419052761, "Uruguay": 1959.620523964888, "Argentina": 2173.751926799892, "Austria": 1885.4865718692467, "Hungary": 1771.6515590975366, "Czechoslovakia": 1800.9456652668455, "Belgium": 1950.1396629860244, "France": 2110.4125115412558, "Switzerland": 1958.88619729987, "Guernsey": 1744.4526889070269, "Alderney": 1078.587121287171, "Jersey": 1801.7067099628905, "Netherlands": 2010.1274913901477, "Guyana": 1479.5306754411565, "Trinidad and Tobago": 1524.1686962608637, "South Africa": 1653.895933327471, "Germany": 2008.721738725002, "Sweden": 1773.0394679490082, "Norway": 1964.385035762732, "Denmark": 1918.3658774822923, "Italy": 1922.757516612957, "Chile": 1791.2710586334547, "Russia": 1838.6229946362187, "Finland": 1606.1947637000442, "Luxembourg": 1464.7340292895487, "Catalonia": 1670.9513522944044, "Philippines": 1337.398308199865, "China": 1553.7780459734572, "Brazil": 2052.088571600321, "Basque Country": 1805.4071320996466, "Japan": 1990.012252891418, "Paraguay": 1903.298204767664, "Romania": 1692.4115796616802, "Greece": 1790.069516791423, "Yugoslavia": 1850.7767970535035, "Spain": 2202.196785508752, "Egypt": 1791.9311287121084, "Estonia": 1439.9151854812642, "Suriname": 1577.0123884955608, "Provence": 1466.261786232243, "Costa Rica": 1733.248513938043, "El Salvador": 1482.8123684883456, "Guatemala": 1638.7428435357315, "Portugal": 2028.5747118269885, "Poland": 1779.6515349877423, "Brittany": 1507.291675670158, "New Zealand": 1718.3301618544688, "Australia": 1894.234987605284, "Latvia": 1347.3252139543267, "Galicia": 1535.3744524024332, "Central Spain": 1494.7149754763902, "Mexico": 1979.6485564352251, "Andalusia": 1600.5972261535671, "Asturias": 1519.1741326306253, "Lithuania": 1345.3414751631803, "Turkey": 1957.1186245716558, "Aruba": 1214.085143495908, "Curacao": 1596.819357230876, "Bulgaria": 1544.3664600198158, "Republic of Ireland": 1764.5410894813988, "Haiti": 1684.9226517787297, "Jamaica": 1649.984590638171, "Kenya": 1469.0146741645747, "Uganda": 1506.5694360066634, "Bolivia": 1706.38872893628, "Peru": 1759.2307966156825, "Honduras": 1696.4991923459286, "Belarus": 1572.7461541475293, "Ukraine": 1818.5727326950494, "Barbados": 1128.0614393955811, "Nicaragua": 1498.0717412776235, "Cuba": 1405.1015203604252, "Martinique": 1468.879364979793, "Dominica": 1164.2251598460946, "Silesia": 1514.1009752118803, "Guadeloupe": 1502.0810030572109, "Israel": 1688.185856116877, "Indonesia": 1511.9752094588996, "French Guiana": 1415.1744183933156, "Saint Lucia": 1218.3088856691159, "Colombia": 2049.337812886384, "Panama": 1836.9555637268995, "Venezuela": 1810.8216005311767, "Ecuador": 2012.4805315136564, "Saint Kitts and Nevis": 1266.6631396364205, "Grenada": 1286.3118665529298, "India": 1259.2730505507511, "Slovakia": 1723.0378221222743, "Manchukuo": 1432.1828727788613, "Croatia": 1963.1800929903316, "Lebanon": 1434.8872351611085, "Puerto Rico": 1360.8788367508005, "Afghanistan": 1176.667256676279, "Iran": 1890.93624545705, "Mongolia": 1004.8274186044274, "Tanzania": 1411.626757689245, "Zimbabwe": 1458.7051610977535, "Zambia": 1534.0435696213044, "Iceland": 1623.2583702163442, "Albania": 1668.2187690946844, "Montenegro": 1520.6503016764163, "Madagascar": 1513.8275410349859, "Mauritius": 1227.4297241473284, "R\u00e9union": 1580.8092076997775, "Zanzibar": 1556.6578357519902, "Djibouti": 1070.4243649439302, "Ethiopia": 1389.9407649912473, "DR Congo": 1756.3927912919733, "South Korea": 1899.3358260537439, "Vietnam": 1480.5965836559983, "Macau": 867.828256560253, "Dominican Republic": 1472.7449170103898, "Cyprus": 1387.1692280302445, "Sierra Leone": 1461.2046434121876, "Nigeria": 1878.4802818045196, "Syria": 1589.3805980672696, "Serbia": 1794.3764203235187, "Taiwan": 1079.639831658618, "Ghana": 1633.6430189931584, "Myanmar": 1143.6946900079868, "New Caledonia": 1592.3891810866887, "Vanuatu": 1438.1111976986858, "Fiji": 1413.3779006556024, "Pakistan": 1121.5131470143517, "Sri Lanka": 1014.1523940128677, "German DR": 1716.8717944424216, "Tahiti": 1506.4159739356571, "Gambia": 1524.43844183044, "Hong Kong": 1324.294844664134, "Singapore": 1291.6824430001866, "Malaysia": 1482.805188192715, "Guinea-Bissau": 1357.405812433431, "Saarland": 1451.883163485485, "Burundi": 1379.4655861196388, "Cameroon": 1724.8425308728015, "Kernow": 1598.7070787414527, "Cambodia": 1093.4472023862727, "Thailand": 1541.5222103230544, "Vietnam Republic": 1370.0483701586281, "Kyrgyzstan": 1457.8099868380762, "Moldova": 1326.6088613367467, "North Vietnam": 1483.461804716425, "Togo": 1493.047058575044, "North Korea": 1480.4343874823714, "Sudan": 1446.5499954657937, "Malta": 1371.0220090474534, "Tunisia": 1734.127253069616, "Libya": 1538.278733934404, "Malawi": 1436.7303230772297, "Morocco": 2000.6615144174064, "Benin": 1527.1420580408046, "Cape Verde": 1658.9161528893292, "Burkina Faso": 1643.662735788361, "Gabon": 1524.080601264721, "Ivory Coast": 1817.6380910821606, "Mali": 1696.6514959259268, "Central African Republic": 1353.2451357918994, "Congo": 1336.9008656454068, "Iraq": 1722.9512317399958, "Saint Vincent and the Grenadines": 1344.8017601001318, "Senegal": 1903.2746099668202, "Laos": 951.8025269095663, "Chad": 1242.8401126005385, "Niger": 1481.5895782573743, "Mauritania": 1444.4278919818232, "Liberia": 1440.0098926725261, "Guinea": 1561.304188802456, "Algeria": 1879.9199878307984, "Kuwait": 1465.6087502828984, "Jordan": 1798.3400826876589, "Papua New Guinea": 1452.061999015023, "Solomon Islands": 1368.3173942734347, "Somalia": 1053.0434635427894, "Saudi Arabia": 1695.9004637371954, "Bermuda": 1342.2228536119421, "Palestine": 1578.740885034296, "Yemen": 1296.6869880002007, "Bahrain": 1537.7755798077385, "Oman": 1583.3496585955202, "Wallis Islands and Futuna": 1294.2837323476435, "Corsica": 1562.1006904459064, "Western Australia": 1394.8354548903671, "Eswatini": 1314.716396664107, "Botswana": 1384.6962806181568, "Qatar": 1549.3908269509152, "Lesotho": 1412.0565035880145, "Bahamas": 958.402259634441, "Brunei": 913.0851668334807, "Cook Islands": 1141.513034564966, "Yemen DPR": 1355.8513957171003, "United Arab Emirates": 1666.156689367799, "Faroe Islands": 1449.456000531258, "Nepal": 1117.7496081839743, "Antigua and Barbuda": 1125.8591312118533, "Bangladesh": 1138.0849513913677, "Seychelles": 1013.0919013854613, "Equatorial Guinea": 1439.6678510831912, "Mozambique": 1484.2792793859278, "Guam": 988.3553243476877, "Angola": 1583.27085306163, "S\u00e3o Tom\u00e9 and Pr\u00edncipe": 1184.45176505119, "Rwanda": 1458.0414444164765, "Northern Cyprus": 1714.391472248221, "Armenia": 1437.6994457257936, "Georgia": 1708.3290921954524, "Azerbaijan": 1399.6579432923972, "Kazakhstan": 1500.419926465059, "Comoros": 1462.014439065161, "Maldives": 1019.6563566428002, "Tonga": 1089.0535262558024, "Tuvalu": 1216.3331423728644, "Kiribati": 1227.7683188529195, "Samoa": 1244.8924854988463, "Greenland": 1462.1651052045097, "Liechtenstein": 1003.2717034219831, "Bhutan": 867.1950413195129, "South Yemen": 1468.3036131498407, "Niue": 1426.867040075126, "American Samoa": 938.9712528509233, "Belize": 1285.0136683916824, "Cayman Islands": 1061.2523417816128, "Anguilla": 912.7244339321439, "British Virgin Islands": 1038.8279836930528, "Palau": 1423.031213735833, "Sint Maarten": 1291.7481198150015, "Namibia": 1415.38109165337, "Ynys M\u00f4n": 1642.9484305589212, "Shetland": 1499.8383949000893, "\u00c5land Islands": 1474.649954227259, "Saint Martin": 1298.1365045053537, "San Marino": 931.1735117478519, "Montserrat": 1229.0805942820912, "Slovenia": 1731.7909966376697, "Isle of Wight": 1663.1613706935088, "Turkmenistan": 1384.9724055884703, "Tajikistan": 1430.0353929201005, "Uzbekistan": 1818.8873093741545, "Eritrea": 1194.7656441330723, "Isle of Man": 1705.9280420917482, "Gibraltar": 1151.4283933590866,